evidence_id;candidate_id;candidate_name;theme;subtheme;evidence_level;neutral_summary;proposed_action;target_population;original_excerpt;page;source_file;source_sha256;limitations;document_decision;excerpt_matches_page;summary_preserves_meaning;theme_is_correct;evidence_level_is_correct;predominant_jurisdiction;matrix_eligibility;eligibility_justification;correction_notes;reviewer;reviewed_at
jeremias-saude-publica-001;jeremias;Professor Jeremias do Banco;Saúde pública;Hospitais;3;Propõe construir um Hospital Evangélico para atender população e turistas.;Construir o hospital indicado.;População pernambucana e turistas.;"• Construção de um novo Hospital Evangélico para atendimento da população 
pernambucana e dos turistas;";p. 2;professor-jeremias-35.pdf;5b4ca82a021b96f92f4d600242265c5b4a53d7861e6c4a7c4eac9b9106a50527;"[""Não há localização, capacidade, prazo, orçamento ou modelo de gestão.""]";;;;;;;;;;;
jeremias-saude-publica-002;jeremias;Professor Jeremias do Banco;Saúde pública;Saúde da pessoa idosa;3;Propõe implantar hospital especializado no atendimento à pessoa idosa.;Implantar hospital especializado.;Pessoas idosas.;"• Implantação de Hospital especializado no atendimento à pessoa idosa;";p. 2;professor-jeremias-35.pdf;5b4ca82a021b96f92f4d600242265c5b4a53d7861e6c4a7c4eac9b9106a50527;"[""Não há localização, capacidade, prazo, orçamento ou modelo de gestão.""]";;;;;;;;;;;
jeremias-saude-publica-003;jeremias;Professor Jeremias do Banco;Saúde pública;Saúde digital;3;Propõe informatizar a rede, integrar prontuários e ampliar telemedicina.;Executar a estratégia integrada de saúde digital descrita.;Usuários e unidades da rede estadual de saúde.;"• Informatização completa da rede estadual de saúde; 
• Integração eletrônica dos prontuários médicos; 
• Ampliação do uso da telemedicina;";p. 2;professor-jeremias-35.pdf;5b4ca82a021b96f92f4d600242265c5b4a53d7861e6c4a7c4eac9b9106a50527;"[""Não há prazo, cobertura, padrões técnicos ou orçamento.""]";;;;;;;;;;;
jeremias-saude-publica-004;jeremias;Professor Jeremias do Banco;Saúde pública;Atenção e prevenção;2;Propõe fortalecer atenção básica e ampliar programas preventivos.;Fortalecer e ampliar os serviços mencionados.;Não especificado no trecho.;"• Fortalecimento da atenção básica; 
• Ampliação dos programas preventivos;";p. 2;professor-jeremias-35.pdf;5b4ca82a021b96f92f4d600242265c5b4a53d7861e6c4a7c4eac9b9106a50527;"[""Público prioritário, metas, prazo, recursos e forma de execução não são especificados.""]";;;;;;;;;;;
jeremias-saude-publica-005;jeremias;Professor Jeremias do Banco;Saúde pública;Tecnologia e qualidade de vida;2;Propõe priorizar tecnologia médica e manter programas de promoção da qualidade de vida.;Investir em tecnologia médica e promover qualidade de vida.;Não especificado no trecho.;"• Prioridade para investimentos em tecnologia médica; 
• Programas permanentes de promoção da qualidade de vida.";p. 2;professor-jeremias-35.pdf;5b4ca82a021b96f92f4d600242265c5b4a53d7861e6c4a7c4eac9b9106a50527;"[""O trecho reúne ações transversais sem detalhar integração, público, metas, prazo ou recursos.""]";;;;;;;;;;;
jeremias-educacao-001;jeremias;Professor Jeremias do Banco;Educação;Escolas militares;2;Propõe ampliar e construir escolas militares.;Ampliar e construir escolas militares.;"Estudantes; público específico não detalhado.";"• Ampliação e construção de Escolas Militares;";p. 2;professor-jeremias-35.pdf;5b4ca82a021b96f92f4d600242265c5b4a53d7861e6c4a7c4eac9b9106a50527;"[""Não há quantidade, localização, prazo, orçamento ou modelo pedagógico.""]";;;;;;;;;;;
jeremias-educacao-002;jeremias;Professor Jeremias do Banco;Educação;Progressão escolar;2;Propõe revisar o modelo de progressão automática para assegurar aprendizagem.;Revisar o modelo de progressão automática.;"Estudantes sujeitos ao modelo; etapa de ensino não especificada.";"• Revisão do modelo de progressão automática, assegurando aprendizagem efetiva;";p. 2;professor-jeremias-35.pdf;5b4ca82a021b96f92f4d600242265c5b4a53d7861e6c4a7c4eac9b9106a50527;"[""Não há critérios, processo, prazo ou indicadores.""]";;;;;;;;;;;
jeremias-educacao-003;jeremias;Professor Jeremias do Banco;Educação;Valorização docente;3;Propõe valorização salarial, mais planejamento pedagógico e bonificação por desempenho.;Executar a estratégia de valorização docente descrita.;Professores.;"• Valorização salarial e profissional dos professores; 
• Ampliação do tempo destinado ao planejamento pedagógico; 
• Implantação de programas de bonificação por desempenho;";p. 2;professor-jeremias-35.pdf;5b4ca82a021b96f92f4d600242265c5b4a53d7861e6c4a7c4eac9b9106a50527;"[""O trecho possui caráter transversal e não informa valores, critérios de desempenho, metas ou prazo.""]";;;;;;;;;;;
jeremias-educacao-004;jeremias;Professor Jeremias do Banco;Educação;Ensino técnico;2;Propõe expandir as Escolas Técnicas Estaduais.;Expandir a rede de escolas técnicas estaduais.;"Estudantes; público específico não detalhado.";"• Expansão das Escolas Técnicas Estaduais;";p. 2;professor-jeremias-35.pdf;5b4ca82a021b96f92f4d600242265c5b4a53d7861e6c4a7c4eac9b9106a50527;"[""Não há quantidade, localização, vagas, prazo ou orçamento.""]";;;;;;;;;;;
jeremias-educacao-005;jeremias;Professor Jeremias do Banco;Educação;Robótica e inteligência artificial;3;Propõe criar Instituto Estadual de Robótica e Inteligência Artificial.;Criar o instituto indicado.;Não especificado no trecho.;"• Criação do Instituto Estadual de Robótica e Inteligência Artificial;";p. 2;professor-jeremias-35.pdf;5b4ca82a021b96f92f4d600242265c5b4a53d7861e6c4a7c4eac9b9106a50527;"[""Não há público, atribuições, localização, prazo, orçamento ou forma de execução.""]";;;;;;;;;;;
jeremias-educacao-006;jeremias;Professor Jeremias do Banco;Educação;Empreendedorismo e aprendizagem;3;Propõe inserir empreendedorismo na educação básica e criar Jovem Aprendiz em parceria com empresas.;Executar as ações educacionais e de aprendizagem descritas.;Estudantes da educação básica e jovens aprendizes.;"• Inserção do empreendedorismo na educação básica; 
• Programa Jovem Aprendiz em parceria com empresas;";p. 2;professor-jeremias-35.pdf;5b4ca82a021b96f92f4d600242265c5b4a53d7861e6c4a7c4eac9b9106a50527;"[""O trecho reúne ações relacionadas, mas não informa currículo, parceiros, vagas, metas ou prazo.""]";;;;;;;;;;;
jeremias-seguranca-publica-001;jeremias;Professor Jeremias do Banco;Segurança pública;Efetivo;3;Propõe contratar policiais militares, civis e bombeiros.;Realizar as contratações indicadas.;"Policiais militares, civis e bombeiros; beneficiários finais não especificados.";"• Contratação de novos policiais militares, civis e bombeiros;";p. 3;professor-jeremias-35.pdf;5b4ca82a021b96f92f4d600242265c5b4a53d7861e6c4a7c4eac9b9106a50527;"[""Não há quantidade, concurso, prazo, lotação ou orçamento.""]";;;;;;;;;;;
jeremias-seguranca-publica-002;jeremias;Professor Jeremias do Banco;Segurança pública;Equipamentos e tecnologia;3;Propõe modernizar equipamentos e ampliar drones, monitoramento eletrônico e inteligência artificial.;Modernizar equipamentos e ampliar tecnologias de segurança.;Forças de segurança.;"• Modernização dos equipamentos das forças de segurança; 
• Ampliação do uso de drones, monitoramento eletrônico e inteligência artificial;";p. 3;professor-jeremias-35.pdf;5b4ca82a021b96f92f4d600242265c5b4a53d7861e6c4a7c4eac9b9106a50527;"[""O trecho forma uma estratégia tecnológica, mas não informa equipamentos, cobertura, salvaguardas, prazo ou orçamento.""]";;;;;;;;;;;
jeremias-seguranca-publica-003;jeremias;Professor Jeremias do Banco;Segurança pública;Investigações;3;Propõe reduzir o estoque de inquéritos e processos investigativos em até três anos.;Reduzir o estoque investigativo no prazo indicado.;Não especificado no trecho.;"• Redução do estoque de inquéritos policiais e processos investigativos em até três 
anos;";p. 3;professor-jeremias-35.pdf;5b4ca82a021b96f92f4d600242265c5b4a53d7861e6c4a7c4eac9b9106a50527;"[""Não há percentual, quantidade inicial, órgão responsável ou método.""]";;;;;;;;;;;
jeremias-seguranca-publica-004;jeremias;Professor Jeremias do Banco;Segurança pública;Polícia Científica;2;Propõe fortalecer a Polícia Científica.;Fortalecer a Polícia Científica.;"Polícia Científica; beneficiários finais não especificados.";"• Fortalecimento da Polícia Científica;";p. 3;professor-jeremias-35.pdf;5b4ca82a021b96f92f4d600242265c5b4a53d7861e6c4a7c4eac9b9106a50527;"[""Não há ação operacional, meta, prazo ou recursos.""]";;;;;;;;;;;
jeremias-seguranca-publica-005;jeremias;Professor Jeremias do Banco;Segurança pública;Presença territorial;3;Propõe ampliar presença policial em todas as regiões do estado.;Ampliar presença policial territorialmente.;População de todas as regiões do estado.;"• Ampliação da presença policial em todas as regiões do Estado;";p. 3;professor-jeremias-35.pdf;5b4ca82a021b96f92f4d600242265c5b4a53d7861e6c4a7c4eac9b9106a50527;"[""Não há efetivo, unidades, prioridades, prazo ou orçamento.""]";;;;;;;;;;;
jeremias-seguranca-publica-006;jeremias;Professor Jeremias do Banco;Segurança pública;Integração tecnológica;3;Propõe implantar o Programa Pindorama para integração tecnológica da segurança pública.;Implantar o programa mencionado.;"Sistema de segurança pública; público final não especificado.";"• Implantação do Programa Pindorama para integração tecnológica da segurança 
pública.";p. 3;professor-jeremias-35.pdf;5b4ca82a021b96f92f4d600242265c5b4a53d7861e6c4a7c4eac9b9106a50527;"[""Não há descrição do programa, órgãos integrados, prazo, orçamento ou governança.""]";;;;;;;;;;;
jeremias-mobilidade-e-transporte-001;jeremias;Professor Jeremias do Banco;Mobilidade e transporte;Mobilidade cicloviária;3;Propõe incentivar bicicleta e expandir malha cicloviária.;Incentivar o modal e expandir sua infraestrutura.;Usuários de bicicleta em todo o estado.;"• Incentivo ao uso da bicicleta em todo o Estado; 
• Expansão da malha cicloviária;";p. 5;professor-jeremias-35.pdf;5b4ca82a021b96f92f4d600242265c5b4a53d7861e6c4a7c4eac9b9106a50527;"[""Não há extensão, localidades, prazo, segurança viária ou orçamento.""]";;;;;;;;;;;
jeremias-mobilidade-e-transporte-002;jeremias;Professor Jeremias do Banco;Mobilidade e transporte;Transporte público;2;Propõe modernizar o transporte público.;Modernizar o transporte público.;Usuários do transporte público.;"• Modernização do transporte público;";p. 5;professor-jeremias-35.pdf;5b4ca82a021b96f92f4d600242265c5b4a53d7861e6c4a7c4eac9b9106a50527;"[""Não há modelo de gestão, tecnologia, tarifa, meta, prazo ou orçamento.""]";;;;;;;;;;;
jeremias-mobilidade-e-transporte-003;jeremias;Professor Jeremias do Banco;Mobilidade e transporte;Transporte alternativo;2;Propõe apoiar transporte alternativo regulamentado.;Apoiar a modalidade indicada.;Operadores e usuários do transporte alternativo regulamentado.;"• Apoio ao transporte alternativo regulamentado;";p. 5;professor-jeremias-35.pdf;5b4ca82a021b96f92f4d600242265c5b4a53d7861e6c4a7c4eac9b9106a50527;"[""Não há modalidade, regra, instrumento de apoio, prazo ou abrangência.""]";;;;;;;;;;;
jeremias-mobilidade-e-transporte-004;jeremias;Professor Jeremias do Banco;Mobilidade e transporte;Mobilidade urbana e rural;2;Propõe investimentos em mobilidade urbana e rural.;Investir em mobilidade urbana e rural.;Populações urbanas e rurais.;• Investimentos na mobilidade urbana e rural.;p. 5;professor-jeremias-35.pdf;5b4ca82a021b96f92f4d600242265c5b4a53d7861e6c4a7c4eac9b9106a50527;"[""Não há ação específica, projeto, meta, prazo, território ou orçamento.""]";;;;;;;;;;;
jeremias-emprego-e-renda-001;jeremias;Professor Jeremias do Banco;Emprego e renda;Desenvolvimento regional;3;Propõe implantar o Programa Pindorama para desenvolvimento regional.;Implantar o programa citado.;"Regiões do estado; público específico não detalhado.";"• Implantação do Programa Pindorama para desenvolvimento regional;";p. 4;professor-jeremias-35.pdf;5b4ca82a021b96f92f4d600242265c5b4a53d7861e6c4a7c4eac9b9106a50527;"[""Não há descrição, metas, prazo, orçamento ou governança do programa.""]";;;;;;;;;;;
jeremias-emprego-e-renda-002;jeremias;Professor Jeremias do Banco;Emprego e renda;Agricultura;3;Propõe incentivar agricultura familiar e agronegócio.;Incentivar os dois segmentos citados.;Agricultura familiar e agronegócio.;"• Incentivo à agricultura familiar e ao agronegócio;";p. 4;professor-jeremias-35.pdf;5b4ca82a021b96f92f4d600242265c5b4a53d7861e6c4a7c4eac9b9106a50527;"[""O trecho possui caráter abrangente e não informa instrumentos, prioridade, metas, prazo ou recursos.""]";;;;;;;;;;;
jeremias-emprego-e-renda-003;jeremias;Professor Jeremias do Banco;Emprego e renda;Inovação e empreendedorismo;2;Propõe estimular inovação tecnológica e apoiar empreendedorismo.;Estimular inovação e apoiar empreendedorismo.;"Empreendedores; público específico não detalhado.";"• Estímulo à inovação tecnológica; 
• Apoio ao empreendedorismo;";p. 4;professor-jeremias-35.pdf;5b4ca82a021b96f92f4d600242265c5b4a53d7861e6c4a7c4eac9b9106a50527;"[""Não há programa, modalidade de apoio, metas, prazo ou orçamento.""]";;;;;;;;;;;
jeremias-emprego-e-renda-004;jeremias;Professor Jeremias do Banco;Emprego e renda;Ambiente de negócios;3;Propõe desburocratizar serviços públicos para atrair investimentos.;Simplificar serviços com a finalidade declarada no trecho.;"Investidores e usuários dos serviços; público específico não detalhado.";• Desburocratização dos serviços públicos para atração de investimentos.;p. 4;professor-jeremias-35.pdf;5b4ca82a021b96f92f4d600242265c5b4a53d7861e6c4a7c4eac9b9106a50527;"[""Não há processos-alvo, medidas, metas, prazo ou estimativa de investimento.""]";;;;;;;;;;;
jeremias-assistencia-social-e-combate-a-fome-001;jeremias;Professor Jeremias do Banco;Assistência social e combate à fome;Apoio a famílias de pessoas com TEA;3;Propõe criar programas de apoio às famílias de pessoas com TEA.;Criar os programas de apoio indicados.;Famílias de pessoas com Transtorno do Espectro Autista.;"• Criação de programas de apoio às famílias de pessoas com Transtorno do Espectro 
Autista (TEA);";p. 3;professor-jeremias-35.pdf;5b4ca82a021b96f92f4d600242265c5b4a53d7861e6c4a7c4eac9b9106a50527;"[""Não há conteúdo dos programas, cobertura, benefícios, prazo ou orçamento.""]";;;;;;;;;;;
jeremias-assistencia-social-e-combate-a-fome-002;jeremias;Professor Jeremias do Banco;Assistência social e combate à fome;Inclusão social;1;Menciona ampliação de políticas públicas de inclusão social.;Ampliar políticas de inclusão social.;Não especificado no trecho.;• Ampliação das políticas públicas de inclusão social.;p. 3;professor-jeremias-35.pdf;5b4ca82a021b96f92f4d600242265c5b4a53d7861e6c4a7c4eac9b9106a50527;"[""Menção genérica sem público, política, ação operacional, meta, prazo ou recursos.""]";;;;;;;;;;;
